ID,name,description,url,created,last modified,version,contributors,associated_groups,associated groups citations
G0099,APT-C-36,"[APT-C-36](https://attack.mitre.org/groups/G0099) is a suspected South America espionage group that has been active since at least 2018. The group mainly targets Colombian government institutions as well as important corporations in the financial sector, petroleum industry, and professional manufacturing.(Citation: QiAnXin APT-C-36 Feb2019)",https://attack.mitre.org/groups/G0099,5-May-20,14-Oct-20,1,Jose Luis Sánchez Martinez,Blind Eagle,(Citation: QiAnXin APT-C-36 Feb2019)
G0006,APT1,"[APT1](https://attack.mitre.org/groups/G0006) is a Chinese threat group that has been attributed to the 2nd Bureau of the People’s Liberation Army (PLA) General Staff Department’s (GSD) 3rd Department, commonly known by its Military Unit Cover Designator (MUCD) as Unit 61398. (Citation: Mandiant APT1)",https://attack.mitre.org/groups/G0006,31-May-17,22-Oct-20,1.3,,"Comment Crew, Comment Group, Comment Panda","(Citation: Mandiant APT1), (Citation: Mandiant APT1), (Citation: CrowdStrike Putter Panda)"
G0005,APT12,"[APT12](https://attack.mitre.org/groups/G0005) is a threat group that has been attributed to China. The group has targeted a variety of victims including but not limited to media outlets, high-tech companies, and multiple governments.(Citation: Meyers Numbered Panda)",https://attack.mitre.org/groups/G0005,31-May-17,30-Mar-20,2.1,,"DNSCALC, DynCalc, IXESHE, Numbered Panda","(Citation: Moran 2014), (Citation: Meyers Numbered Panda) (Citation: Moran 2014), (Citation: Meyers Numbered Panda) (Citation: Moran 2014), (Citation: Meyers Numbered Panda)"
G0023,APT16,[APT16](https://attack.mitre.org/groups/G0023) is a China-based threat group that has launched spearphishing campaigns targeting Japanese and Taiwanese organizations. (Citation: FireEye EPS Awakens Part 2),https://attack.mitre.org/groups/G0023,31-May-17,12-Oct-20,1.1,,,
G0025,APT17,"[APT17](https://attack.mitre.org/groups/G0025) is a China-based threat group that has conducted network intrusions against U.S. government entities, the defense industry, law firms, information technology companies, mining companies, and non-government organizations. (Citation: FireEye APT17)",https://attack.mitre.org/groups/G0025,31-May-17,13-Oct-20,1.1,,Deputy Dog,(Citation: FireEye APT17)
G0026,APT18,"[APT18](https://attack.mitre.org/groups/G0026) is a threat group that has operated since at least 2009 and has targeted a range of industries, including technology, manufacturing, human rights groups, government, and medical. (Citation: Dell Lateral Movement)",https://attack.mitre.org/groups/G0026,31-May-17,30-Mar-20,2.1,,"Dynamite Panda, TG-0416, Threat Group-0416","(Citation: ThreatStream Evasion Analysis)(Citation: Anomali Evasive Maneuvers July 2015), (Citation: ThreatStream Evasion Analysis)(Citation: Anomali Evasive Maneuvers July 2015), (Citation: ThreatStream Evasion Analysis)"
G0073,APT19,"[APT19](https://attack.mitre.org/groups/G0073) is a Chinese-based threat group that has targeted a variety of industries, including defense, finance, energy, pharmaceutical, telecommunications, high tech, education, manufacturing, and legal services. In 2017, a phishing campaign was used to target seven law and investment firms. (Citation: FireEye APT19) Some analysts track [APT19](https://attack.mitre.org/groups/G0073) and [Deep Panda](https://attack.mitre.org/groups/G0009) as the same group, but it is unclear from open source information if the groups are the same. (Citation: ICIT China's Espionage Jul 2016) (Citation: FireEye APT Groups) (Citation: Unit 42 C0d0so0 Jan 2016)",https://attack.mitre.org/groups/G0073,17-Oct-18,9-Feb-21,1.3,Darren Spruell; FS-ISAC,"C0d0so0, Codoso, Codoso Team, Sunshop Group","(Citation: Unit 42 C0d0so0 Jan 2016), (Citation: Unit 42 C0d0so0 Jan 2016), (Citation: FireEye APT Groups), (Citation: Dark Reading Codoso Feb 2015)"
G0007,APT28,"[APT28](https://attack.mitre.org/groups/G0007) is a threat group that has been attributed to Russia's General Staff Main Intelligence Directorate (GRU) 85th Main Special Service Center (GTsSS) military unit 26165.(Citation: NSA/FBI Drovorub August 2020) This group has been active since at least 2004.(Citation: DOJ GRU Indictment Jul 2018) (Citation: Ars Technica GRU indictment Jul 2018) (Citation: Crowdstrike DNC June 2016) (Citation: FireEye APT28) (Citation: SecureWorks TG-4127) (Citation: FireEye APT28 January 2017) (Citation: GRIZZLY STEPPE JAR) (Citation: Sofacy DealersChoice) (Citation: Palo Alto Sofacy 06-2018) (Citation: Symantec APT28 Oct 2018) (Citation: ESET Zebrocy May 2019)

[APT28](https://attack.mitre.org/groups/G0007) reportedly compromised the Hillary Clinton campaign, the Democratic National Committee, and the Democratic Congressional Campaign Committee in 2016 in an attempt to interfere with the U.S. presidential election. (Citation: Crowdstrike DNC June 2016) In 2018, the US indicted five GRU Unit 26165 officers associated with [APT28](https://attack.mitre.org/groups/G0007) for cyber operations (including close-access operations) conducted between 2014 and 2018 against the World Anti-Doping Agency (WADA), the US Anti-Doping Agency, a US nuclear facility, the Organization for the Prohibition of Chemical Weapons (OPCW), the Spiez Swiss Chemicals Laboratory, and other organizations.(Citation: US District Court Indictment GRU Oct 2018) Some of these were conducted with the assistance of GRU Unit 74455, which is also referred to as [Sandworm Team](https://attack.mitre.org/groups/G0034). ",https://attack.mitre.org/groups/G0007,31-May-17,19-Apr-21,3.1,"Drew Church, Splunk; Emily Ratliff, IBM; Richard Gold, Digital Shadows; Sébastien Ruel, CGI","Fancy Bear, Group 74, Pawn Storm, SNAKEMACKEREL, STRONTIUM, Sednit, Sofacy, Swallowtail, TG-4127, Threat Group-4127, Tsar Team","(Citation: Crowdstrike DNC June 2016) (Citation: Kaspersky Sofacy) (Citation: ESET Sednit Part 3) (Citation: Ars Technica GRU indictment Jul 2018)(Citation: Talos Seduploader Oct 2017)(Citation: Symantec APT28 Oct 2018)(Citation: Securelist Sofacy Feb 2018), (Citation: Talos Seduploader Oct 2017), (Citation: SecureWorks TG-4127) (Citation: ESET Sednit Part 3)(Citation: TrendMicro Pawn Storm Dec 2020) , (Citation: Accenture SNAKEMACKEREL Nov 2018), (Citation: Kaspersky Sofacy) (Citation: ESET Sednit Part 3) (Citation: Microsoft STRONTIUM Aug 2019) (Citation: Microsoft STRONTIUM New Patterns Cred Harvesting Sept 2020)(Citation: TrendMicro Pawn Storm Dec 2020) , This designation has been used in reporting both to refer to the threat group and its associated malware JHUHUGIT. (Citation: FireEye APT28 January 2017) (Citation: SecureWorks TG-4127) (Citation: Kaspersky Sofacy) (Citation: Ars Technica GRU indictment Jul 2018), This designation has been used in reporting both to refer to the threat group and its associated malware. (Citation: FireEye APT28) (Citation: SecureWorks TG-4127) (Citation: Crowdstrike DNC June 2016) (Citation: ESET Sednit Part 3) (Citation: Ars Technica GRU indictment Jul 2018)(Citation: Talos Seduploader Oct 2017), (Citation: Symantec APT28 Oct 2018), (Citation: SecureWorks TG-4127), (Citation: SecureWorks TG-4127), (Citation: ESET Sednit Part 3)(Citation: Talos Seduploader Oct 2017)(Citation: Talos Seduploader Oct 2017)"
G0016,APT29,"[APT29](https://attack.mitre.org/groups/G0016) is threat group that has been attributed to Russia's Foreign Intelligence Service (SVR).(Citation: White House Imposing Costs RU Gov April 2021)(Citation: UK Gov Malign RIS Activity April 2021) They have operated since at least 2008, often targeting government networks in Europe and NATO member countries, research institutes, and think tanks. [APT29](https://attack.mitre.org/groups/G0016) reportedly compromised the Democratic National Committee starting in the summer of 2015.(Citation: F-Secure The Dukes)(Citation: GRIZZLY STEPPE JAR)(Citation: Crowdstrike DNC June 2016)(Citation: UK Gov UK Exposes Russia SolarWinds April 2021)

In April 2021, the US and UK governments attributed the SolarWinds supply chain compromise cyber operation to the SVR; public statements included citations to [APT29](https://attack.mitre.org/groups/G0016), Cozy Bear, and The Dukes.(Citation: NSA Joint Advisory SVR SolarWinds April 2021)(Citation: UK NSCS Russia SolarWinds April 2021) Victims of this campaign included government, consulting, technology, telecom, and other organizations in North America, Europe, Asia, and the Middle East. Industry reporting referred to the actors involved in this campaign as UNC2452, NOBELIUM, StellarParticle, and Dark Halo.(Citation: FireEye SUNBURST Backdoor December 2020)(Citation: MSTIC NOBELIUM Mar 2021)(Citation: CrowdStrike SUNSPOT Implant January 2021)(Citation: Volexity SolarWinds)",https://attack.mitre.org/groups/G0016,31-May-17,30-Apr-21,2,"Katie Nickels, Red Canary; Matt Brenton, Zurich Insurance Group","Cozy Bear, CozyDuke, Dark Halo, NOBELIUM, StellarParticle, The Dukes, UNC2452, YTTRIUM","(Citation: Crowdstrike DNC June 2016)(Citation: ESET Dukes October 2019)(Citation: NCSC APT29 July 2020), (Citation: Crowdstrike DNC June 2016), (Citation: Volexity SolarWinds), (Citation: MSTIC NOBELIUM Mar 2021), (Citation: CrowdStrike SUNSPOT Implant January 2021), (Citation: F-Secure The Dukes)(Citation: ESET Dukes October 2019)(Citation: NCSC APT29 July 2020), (Citation: FireEye SUNBURST Backdoor December 2020), (Citation: Microsoft Unidentified Dec 2018)"
G0022,APT3,"[APT3](https://attack.mitre.org/groups/G0022) is a China-based threat group that researchers have attributed to China's Ministry of State Security. (Citation: FireEye Clandestine Wolf) (Citation: Recorded Future APT3 May 2017) This group is responsible for the campaigns known as Operation Clandestine Fox, Operation Clandestine Wolf, and Operation Double Tap. (Citation: FireEye Clandestine Wolf) (Citation: FireEye Operation Double Tap) As of June 2015, the group appears to have shifted from targeting primarily US victims to primarily political organizations in Hong Kong. (Citation: Symantec Buckeye)

MITRE has also developed an APT3 Adversary Emulation Plan.(Citation: APT3 Adversary Emulation Plan)",https://attack.mitre.org/groups/G0022,31-May-17,9-Feb-21,1.3,,"Buckeye, Gothic Panda, Pirpi, TG-0110, Threat Group-0110, UPS Team","(Citation: Symantec Buckeye), (Citation: PWC Pirpi Scanbox) (Citation: Recorded Future APT3 May 2017) (Citation: Symantec Buckeye), (Citation: PWC Pirpi Scanbox), (Citation: Recorded Future APT3 May 2017) (Citation: Symantec Buckeye), (Citation: Recorded Future APT3 May 2017) (Citation: Symantec Buckeye), (Citation: FireEye Clandestine Wolf) (Citation: Recorded Future APT3 May 2017) (Citation: Symantec Buckeye)"
G0013,APT30,"[APT30](https://attack.mitre.org/groups/G0013) is a threat group suspected to be associated with the Chinese government. While [Naikon](https://attack.mitre.org/groups/G0019) shares some characteristics with [APT30](https://attack.mitre.org/groups/G0013), the two groups do not appear to be exact matches.(Citation: FireEye APT30)(Citation: Baumgartner Golovkin Naikon 2015)",https://attack.mitre.org/groups/G0013,31-May-17,29-Jul-20,1.1,,,
G0050,APT32,"[APT32](https://attack.mitre.org/groups/G0050) is a threat group that has been active since at least 2014. The group has targeted multiple private sector industries as well as with foreign governments, dissidents, and journalists with a strong focus on Southeast Asian countries like Vietnam, the Philippines, Laos, and Cambodia. They have extensively used strategic web compromises to compromise victims. The group is believed to be Vietnam-based.(Citation: FireEye APT32 May 2017)(Citation: Volexity OceanLotus Nov 2017)(Citation: ESET OceanLotus)",https://attack.mitre.org/groups/G0050,14-Dec-17,20-Apr-21,2.4,"Romain Dumont, ESET","APT-C-00, OceanLotus, SeaLotus","(Citation: ESET OceanLotus)(Citation: Cybereason Oceanlotus May 2017)(Citation: ESET OceanLotus Mar 2019)(Citation: Amnesty Intl. Ocean Lotus February 2021), (Citation: FireEye APT32 May 2017) (Citation: Volexity OceanLotus Nov 2017)(Citation: Cybereason Oceanlotus May 2017)(Citation: ESET OceanLotus Mar 2019)(Citation: Amnesty Intl. Ocean Lotus February 2021), (Citation: Cybereason Oceanlotus May 2017)"
G0064,APT33,"[APT33](https://attack.mitre.org/groups/G0064) is a suspected Iranian threat group that has carried out operations since at least 2013. The group has targeted organizations across multiple industries in the United States, Saudi Arabia, and South Korea, with a particular interest in the aviation and energy sectors. (Citation: FireEye APT33 Sept 2017) (Citation: FireEye APT33 Webinar Sept 2017)",https://attack.mitre.org/groups/G0064,18-Apr-18,1-Jul-20,1.3,,"Elfin, HOLMIUM","(Citation: Symantec Elfin Mar 2019), (Citation: Microsoft Holmium June 2020)"
G0067,APT37,"[APT37](https://attack.mitre.org/groups/G0067) is a suspected North Korean cyber espionage group that has been active since at least 2012. The group has targeted victims primarily in South Korea, but also in Japan, Vietnam, Russia, Nepal, China, India, Romania, Kuwait, and other parts of the Middle East. [APT37](https://attack.mitre.org/groups/G0067) has also been linked to following campaigns between 2016-2018: Operation Daybreak, Operation Erebus, Golden Time, Evil New Year, Are you Happy?, FreeMilk, Northern Korean Human Rights, and Evil New Year 2018. (Citation: FireEye APT37 Feb 2018) (Citation: Securelist ScarCruft Jun 2016) (Citation: Talos Group123)

North Korean group definitions are known to have significant overlap, and the name [Lazarus Group](https://attack.mitre.org/groups/G0032) is known to encompass a broad range of activity. Some organizations use the name Lazarus Group to refer to any activity attributed to North Korea.(Citation: US-CERT HIDDEN COBRA June 2017) Some organizations track North Korean clusters or groups such as Bluenoroff,(Citation: Kaspersky Lazarus Under The Hood Blog 2017) [APT37](https://attack.mitre.org/groups/G0067), and [APT38](https://attack.mitre.org/groups/G0082) separately, while other organizations may track some activity associated with those group names by the name Lazarus Group.",https://attack.mitre.org/groups/G0067,18-Apr-18,21-Oct-20,1.5,"Valerii Marchuk, Cybersecurity Help s.r.o.","Group123, Reaper, ScarCruft, TEMP.Reaper","(Citation: FireEye APT37 Feb 2018), (Citation: FireEye APT37 Feb 2018), (Citation: Securelist ScarCruft Jun 2016) (Citation: FireEye APT37 Feb 2018)(Citation: Securelist ScarCruft May 2019), (Citation: FireEye APT37 Feb 2018)"
G0082,APT38,"[APT38](https://attack.mitre.org/groups/G0082) is a financially-motivated threat group that is backed by the North Korean regime. The group mainly targets banks and financial institutions and has targeted more than 16 organizations in at least 13 countries since at least 2014.(Citation: FireEye APT38 Oct 2018)

North Korean group definitions are known to have significant overlap, and the name [Lazarus Group](https://attack.mitre.org/groups/G0032) is known to encompass a broad range of activity. Some organizations use the name Lazarus Group to refer to any activity attributed to North Korea.(Citation: US-CERT HIDDEN COBRA June 2017) Some organizations track North Korean clusters or groups such as Bluenoroff,(Citation: Kaspersky Lazarus Under The Hood Blog 2017) [APT37](https://attack.mitre.org/groups/G0067), and [APT38](https://attack.mitre.org/groups/G0082) separately, while other organizations may track some activity associated with those group names by the name Lazarus Group.",https://attack.mitre.org/groups/G0082,29-Jan-19,30-Mar-20,1.2,,,
G0087,APT39,"[APT39](https://attack.mitre.org/groups/G0087) is one of several names for cyberespionage activity conducted by the Iranian Ministry of Intelligence and Security (MOIS) through the front company Rana Intelligence Computing since at least 2014. [APT39](https://attack.mitre.org/groups/G0087) has primarily targeted the travel, hospitality, academic, and telecommunications industries in Iran and across Asia, Africa, Europe, and North America to track individuals and entities considered to be a threat by the MOIS.(Citation: FireEye APT39 Jan 2019)(Citation: Symantec Chafer Dec 2015)(Citation: FBI FLASH APT39 September 2020)(Citation: Dept. of Treasury Iran Sanctions September 2020)(Citation: DOJ Iran Indictments September 2020)",https://attack.mitre.org/groups/G0087,19-Feb-19,23-Apr-21,3,,"Chafer, ITG07, REMIX KITTEN","Activities associated with APT39 largely align with a group publicly referred to as Chafer.(Citation: FireEye APT39 Jan 2019)(Citation: Symantec Chafer Dec 2015)(Citation: Dark Reading APT39 JAN 2019)(Citation: FBI FLASH APT39 September 2020)(Citation: Dept. of Treasury Iran Sanctions September 2020)(Citation: DOJ Iran Indictments September 2020), (Citation: FBI FLASH APT39 September 2020)(Citation: Dept. of Treasury Iran Sanctions September 2020)(Citation: DOJ Iran Indictments September 2020), (Citation: Crowdstrike GTR2020 Mar 2020)"
G0096,APT41,"[APT41](https://attack.mitre.org/groups/G0096) is a threat group that researchers have assessed as Chinese state-sponsored espionage group that also conducts financially-motivated operations. [APT41](https://attack.mitre.org/groups/G0096) has been active since as early as 2012. The group has been observed targeting healthcare, telecom, technology, and video game industries in 14 countries.(Citation: FireEye APT41 Aug 2019)",https://attack.mitre.org/groups/G0096,23-Sep-19,26-Apr-21,2,,WICKED PANDA,(Citation: Crowdstrike GTR2020 Mar 2020)
G0130,Ajax Security Team,[Ajax Security Team](https://attack.mitre.org/groups/G0130) is a group that has been active since at least 2010 and believed to be operating out of Iran. By 2014 [Ajax Security Team](https://attack.mitre.org/groups/G0130) transitioned from website defacement operations to malware-based cyber espionage campaigns targeting the US defense industrial base and Iranian users of anti-censorship technologies.(Citation: FireEye Operation Saffron Rose 2013),https://attack.mitre.org/groups/G0130,14-Apr-21,22-Apr-21,1,,"AjaxTM, Flying Kitten, Operation Saffron Rose, Operation Woolen-Goldfish, Rocket Kitten","(Citation: FireEye Operation Saffron Rose 2013), (Citation: CrowdStrike Flying Kitten ), (Citation: FireEye Operation Saffron Rose 2013), Analysis of infrastructure, tools, and modes of operation revealed a potential relationship between Ajax Security Team and the campaign Operation Woolen-Goldfish.(Citation: Check Point Rocket Kitten)(Citation: TrendMicro Operation Woolen Goldfish March 2015), Analysis of infrastructure, tools, and modes of operation revealed a potential relationship between Ajax Security Team and Rocket Kitten.(Citation: Check Point Rocket Kitten)(Citation: IranThreats Kittens Dec 2017)"
G0001,Axiom,"[Axiom](https://attack.mitre.org/groups/G0001) is a cyber espionage group suspected to be associated with the Chinese government. It is responsible for the Operation SMN campaign. (Citation: Novetta-Axiom) Though both this group and [Winnti Group](https://attack.mitre.org/groups/G0044) use the malware [Winnti for Windows](https://attack.mitre.org/software/S0141), the two groups appear to be distinct based on differences in reporting on the groups' TTPs and targeting. (Citation: Kaspersky Winnti April 2013) (Citation: Kaspersky Winnti June 2015) (Citation: Novetta Winnti April 2015)",https://attack.mitre.org/groups/G0001,31-May-17,30-Mar-20,1.2,,Group 72,(Citation: Cisco Group 72)
G0060,BRONZE BUTLER,"[BRONZE BUTLER](https://attack.mitre.org/groups/G0060) is a cyber espionage group with likely Chinese origins that has been active since at least 2008. The group primarily targets Japanese organizations, particularly those in government, biotechnology, electronics manufacturing, and industrial chemistry.(Citation: Trend Micro Daserf Nov 2017)(Citation: Secureworks BRONZE BUTLER Oct 2017)(Citation: Trend Micro Tick November 2019)",https://attack.mitre.org/groups/G0060,16-Jan-18,26-Apr-21,1.2,Trend Micro Incorporated,"REDBALDKNIGHT, Tick","(Citation: Trend Micro Daserf Nov 2017)(Citation: Trend Micro Tick November 2019), (Citation: Trend Micro Daserf Nov 2017)(Citation: Symantec Tick Apr 2016)(Citation: Trend Micro Tick November 2019)"
G0063,BlackOasis,"[BlackOasis](https://attack.mitre.org/groups/G0063) is a Middle Eastern threat group that is believed to be a customer of Gamma Group. The group has shown interest in prominent figures in the United Nations, as well as opposition bloggers, activists, regional news correspondents, and think tanks. (Citation: Securelist BlackOasis Oct 2017) (Citation: Securelist APT Trends Q2 2017) A group known by Microsoft as [NEODYMIUM](https://attack.mitre.org/groups/G0055) is reportedly associated closely with [BlackOasis](https://attack.mitre.org/groups/G0063) operations, but evidence that the group names are aliases has not been identified. (Citation: CyberScoop BlackOasis Oct 2017)",https://attack.mitre.org/groups/G0063,18-Apr-18,17-Oct-18,1,,,
G0098,BlackTech,"[BlackTech](https://attack.mitre.org/groups/G0098) is a cyber espionage group operating against targets in East Asia, particularly Taiwan, and occasionally, Japan and Hong Kong.(Citation: TrendMicro BlackTech June 2017)",https://attack.mitre.org/groups/G0098,5-May-20,20-Apr-21,1.1,"Tatsuya Daitoku, Cyber Defense Institute, Inc.",,
G0108,Blue Mockingbird,[Blue Mockingbird](https://attack.mitre.org/groups/G0108) is a cluster of observed activity involving Monero cryptocurrency-mining payloads in dynamic-link library (DLL) form on Windows systems. The earliest observed Blue Mockingbird tools were created in December 2019.(Citation: RedCanary Mockingbird May 2020),https://attack.mitre.org/groups/G0108,26-May-20,25-Jun-20,1,"Tony Lambert, Red Canary",,
G0008,Carbanak,"[Carbanak](https://attack.mitre.org/groups/G0008) is a threat group that mainly targets banks. It also refers to malware of the same name ([Carbanak](https://attack.mitre.org/software/S0030)). It is sometimes referred to as [FIN7](https://attack.mitre.org/groups/G0046), but these appear to be two groups using the same [Carbanak](https://attack.mitre.org/software/S0030) malware and are therefore tracked separately. (Citation: Kaspersky Carbanak) (Citation: FireEye FIN7 April 2017)",https://attack.mitre.org/groups/G0008,31-May-17,26-Apr-21,1.2,Anastasios Pingios,"Anunak, Carbon Spider","(Citation: Fox-It Anunak Feb 2015), (Citation: Crowdstrike State of Criminal May 2016)"
G0114,Chimera,[Chimera](https://attack.mitre.org/groups/G0114) is a suspected China-based threat group that has been active since at least 2018 targeting the semiconductor industry in Taiwan as well as data from the airline industry.(Citation: Cycraft Chimera April 2020)(Citation: NCC Group Chimera January 2021),https://attack.mitre.org/groups/G0114,24-Aug-20,26-Apr-21,2,,,
G0003,Cleaver,[Cleaver](https://attack.mitre.org/groups/G0003) is a threat group that has been attributed to Iranian actors and is responsible for activity tracked as Operation Cleaver. (Citation: Cylance Cleaver) Strong circumstantial evidence suggests Cleaver is linked to Threat Group 2889 (TG-2889). (Citation: Dell Threat Group 2889),https://attack.mitre.org/groups/G0003,31-May-17,21-Apr-21,1.2,,"TG-2889, Threat Group 2889","(Citation: Dell Threat Group 2889), (Citation: Dell Threat Group 2889)"
G0080,Cobalt Group,"[Cobalt Group](https://attack.mitre.org/groups/G0080) is a financially motivated threat group that has primarily targeted financial institutions. The group has conducted intrusions to steal money via targeting ATM systems, card processing, payment systems and SWIFT systems. [Cobalt Group](https://attack.mitre.org/groups/G0080) has mainly targeted banks in Eastern Europe, Central Asia, and Southeast Asia. One of the alleged leaders was arrested in Spain in early 2018, but the group still appears to be active. The group has been known to target organizations in order to use their access to then compromise additional victims. (Citation: Talos Cobalt Group July 2018) (Citation: PTSecurity Cobalt Group Aug 2017) (Citation: PTSecurity Cobalt Dec 2016) (Citation: Group IB Cobalt Aug 2017) (Citation: Proofpoint Cobalt June 2017) (Citation: RiskIQ Cobalt Nov 2017) (Citation: RiskIQ Cobalt Jan 2018) Reporting indicates there may be links between [Cobalt Group](https://attack.mitre.org/groups/G0080) and both the malware [Carbanak](https://attack.mitre.org/software/S0030) and the group [Carbanak](https://attack.mitre.org/groups/G0008). (Citation: Europol Cobalt Mar 2018)",https://attack.mitre.org/groups/G0080,17-Oct-18,26-Apr-21,1.3,,"Cobalt Gang, Cobalt Spider","(Citation: Talos Cobalt Group July 2018) (Citation: Crowdstrike Global Threat Report Feb 2018)(Citation: Morphisec Cobalt Gang Oct 2018), (Citation: Crowdstrike Global Threat Report Feb 2018)"
G0052,CopyKittens,"[CopyKittens](https://attack.mitre.org/groups/G0052) is an Iranian cyber espionage group that has been operating since at least 2013. It has targeted countries including Israel, Saudi Arabia, Turkey, the U.S., Jordan, and Germany. The group is responsible for the campaign known as Operation Wilted Tulip. (Citation: ClearSky CopyKittens March 2017) (Citation: ClearSky Wilted Tulip July 2017) (Citation: CopyKittens Nov 2015)",https://attack.mitre.org/groups/G0052,16-Jan-18,4-Mar-21,1.4,,,
G0070,Dark Caracal,[Dark Caracal](https://attack.mitre.org/groups/G0070) is threat group that has been attributed to the Lebanese General Directorate of General Security (GDGS) and has operated since at least 2012. (Citation: Lookout Dark Caracal Jan 2018),https://attack.mitre.org/groups/G0070,17-Oct-18,3-Jun-20,1.2,,,
G0079,DarkHydrus,[DarkHydrus](https://attack.mitre.org/groups/G0079) is a threat group that has targeted government agencies and educational institutions in the Middle East since at least 2016. The group heavily leverages open-source tools and custom payloads for carrying out attacks. (Citation: Unit 42 DarkHydrus July 2018) (Citation: Unit 42 Playbook Dec 2017),https://attack.mitre.org/groups/G0079,17-Oct-18,9-Feb-21,1.2,"Oleg Skulkin, Group-IB",,
G0105,DarkVishnya,[DarkVishnya](https://attack.mitre.org/groups/G0105) is a financially motivated threat actor targeting financial institutions in Eastern Europe. In 2017-2018 the group attacked at least 8 banks in this region.(Citation: Securelist DarkVishnya Dec 2018),https://attack.mitre.org/groups/G0105,15-May-20,15-May-20,1,,,
G0012,Darkhotel,[Darkhotel](https://attack.mitre.org/groups/G0012) is a suspected South Korean threat group that has targeted victims primarily in East Asia since at least 2004. The group's name is based on cyber espionage operations conducted via hotel Internet networks against traveling executives and other select guests. [Darkhotel](https://attack.mitre.org/groups/G0012) has also conducted spearphishing campaigns and infected victims through peer-to-peer and file sharing networks.(Citation: Kaspersky Darkhotel)(Citation: Securelist Darkhotel Aug 2015)(Citation: Microsoft Digital Defense FY20 Sept 2020),https://attack.mitre.org/groups/G0012,31-May-17,22-Apr-21,2,"Harry, CODEMIZE",DUBNIUM,(Citation: Microsoft Digital Defense FY20 Sept 2020)(Citation: Microsoft DUBNIUM June 2016)(Citation: Microsoft DUBNIUM Flash June 2016)(Citation: Microsoft DUBNIUM July 2016)
G0009,Deep Panda,"[Deep Panda](https://attack.mitre.org/groups/G0009) is a suspected Chinese threat group known to target many industries, including government, defense, financial, and telecommunications. (Citation: Alperovitch 2014) The intrusion into healthcare company Anthem has been attributed to [Deep Panda](https://attack.mitre.org/groups/G0009). (Citation: ThreatConnect Anthem) This group is also known as Shell Crew, WebMasters, KungFu Kittens, and PinkPanther. (Citation: RSA Shell Crew) [Deep Panda](https://attack.mitre.org/groups/G0009) also appears to be known as Black Vine based on the attribution of both group names to the Anthem intrusion. (Citation: Symantec Black Vine) Some analysts track [Deep Panda](https://attack.mitre.org/groups/G0009) and [APT19](https://attack.mitre.org/groups/G0073) as the same group, but it is unclear from open source information if the groups are the same. (Citation: ICIT China's Espionage Jul 2016)",https://attack.mitre.org/groups/G0009,31-May-17,9-Feb-21,1.2,"Andrew Smith, @jakx_","Black Vine, KungFu Kittens, PinkPanther, Shell Crew, WebMasters","(Citation: Symantec Black Vine), (Citation: RSA Shell Crew), (Citation: RSA Shell Crew), (Citation: RSA Shell Crew), (Citation: RSA Shell Crew)"
G0017,DragonOK,"[DragonOK](https://attack.mitre.org/groups/G0017) is a threat group that has targeted Japanese organizations with phishing emails. Due to overlapping TTPs, including similar custom tools, [DragonOK](https://attack.mitre.org/groups/G0017) is thought to have a direct or indirect relationship with the threat group [Moafee](https://attack.mitre.org/groups/G0002). (Citation: Operation Quantum Entanglement) It is known to use a variety of malware, including Sysget/HelloBridge, PlugX, PoisonIvy, FormerFirstRat, NFlog, and NewCT. (Citation: New DragonOK)",https://attack.mitre.org/groups/G0017,31-May-17,22-Mar-19,1,,,
G0035,Dragonfly,"[Dragonfly](https://attack.mitre.org/groups/G0035) is a cyber espionage group that has been active since at least 2011. They initially targeted defense and aviation companies but shifted to focus to include the energy sector in early 2013. They have also targeted companies related to industrial control systems. (Citation: Symantec Dragonfly)(Citation: Secureworks IRON LIBERTY July 2019)

A similar group emerged in 2015 and was identified by Symantec as [Dragonfly 2.0](https://attack.mitre.org/groups/G0074). There is debate over the extent of the overlap between [Dragonfly](https://attack.mitre.org/groups/G0035) and [Dragonfly 2.0](https://attack.mitre.org/groups/G0074), but there is sufficient evidence to lead to these being tracked as two separate groups. (Citation: Symantec Dragonfly Sept 2017)(Citation: Fortune Dragonfly 2.0 Sept 2017)(Citation: Dragos DYMALLOY )",https://attack.mitre.org/groups/G0035,31-May-17,6-Apr-21,2,,"Crouching Yeti, Energetic Bear, IRON LIBERTY, TG-4192","(Citation: Secureworks IRON LIBERTY July 2019), (Citation: Symantec Dragonfly)(Citation: Secureworks IRON LIBERTY July 2019)(Citation: Secureworks MCMD July 2019)(Citation: Secureworks Karagany July 2019), (Citation: Secureworks IRON LIBERTY July 2019)(Citation: Secureworks MCMD July 2019)(Citation: Secureworks Karagany July 2019), (Citation: Secureworks IRON LIBERTY July 2019)"
G0074,Dragonfly 2.0,"[Dragonfly 2.0](https://attack.mitre.org/groups/G0074) is a suspected Russian group that has targeted government entities and multiple U.S. critical infrastructure sectors since at least December 2015. (Citation: US-CERT TA18-074A) (Citation: Symantec Dragonfly Sept 2017) There is debate over the extent of overlap between [Dragonfly 2.0](https://attack.mitre.org/groups/G0074) and [Dragonfly](https://attack.mitre.org/groups/G0035), but there is sufficient evidence to lead to these being tracked as two separate groups. (Citation: Fortune Dragonfly 2.0 Sept 2017)(Citation: Dragos DYMALLOY )",https://attack.mitre.org/groups/G0074,17-Oct-18,26-Apr-21,2,,"Berserk Bear, DYMALLOY, IRON LIBERTY","(Citation: Fortune Dragonfly 2.0 Sept 2017), (Citation: Dragos DYMALLOY ), (Citation: Secureworks MCMD July 2019)(Citation: Secureworks IRON LIBERTY)"
G0031,Dust Storm,"[Dust Storm](https://attack.mitre.org/groups/G0031) is a threat group that has targeted multiple industries in Japan, South Korea, the United States, Europe, and several Southeast Asian countries. (Citation: Cylance Dust Storm)",https://attack.mitre.org/groups/G0031,31-May-17,22-Mar-19,1,,,
G0066,Elderwood,"[Elderwood](https://attack.mitre.org/groups/G0066) is a suspected Chinese cyber espionage group that was reportedly responsible for the 2009 Google intrusion known as Operation Aurora. (Citation: Security Affairs Elderwood Sept 2012) The group has targeted defense organizations, supply chain manufacturers, human rights and nongovernmental organizations (NGOs), and IT service providers. (Citation: Symantec Elderwood Sept 2012) (Citation: CSM Elderwood Sept 2012)",https://attack.mitre.org/groups/G0066,18-Apr-18,2-Mar-21,1.2,"Valerii Marchuk, Cybersecurity Help s.r.o.","Beijing Group, Elderwood Gang, Sneaky Panda","(Citation: CSM Elderwood Sept 2012), (Citation: Symantec Elderwood Sept 2012) (Citation: CSM Elderwood Sept 2012), (Citation: CSM Elderwood Sept 2012)"
G0020,Equation,[Equation](https://attack.mitre.org/groups/G0020) is a sophisticated threat group that employs multiple remote access tools. The group is known to use zero-day exploits and has developed the capability to overwrite the firmware of hard disk drives. (Citation: Kaspersky Equation QA),https://attack.mitre.org/groups/G0020,31-May-17,29-Jun-20,1.2,,,
G0120,Evilnum,[Evilnum](https://attack.mitre.org/groups/G0120) is a financially motivated threat group that has been active since at least 2018.(Citation: ESET EvilNum July 2020),https://attack.mitre.org/groups/G0120,22-Jan-21,27-Apr-21,1,,,
G0051,FIN10,[FIN10](https://attack.mitre.org/groups/G0051) is a financially motivated threat group that has targeted organizations in North America since at least 2013 through 2016. The group uses stolen data exfiltrated from victims to extort organizations. (Citation: FireEye FIN10 June 2017),https://attack.mitre.org/groups/G0051,14-Dec-17,28-Mar-20,1.2,,,
G0085,FIN4,"[FIN4](https://attack.mitre.org/groups/G0085) is a financially-motivated threat group that has targeted confidential information related to the public financial market, particularly regarding healthcare and pharmaceutical companies, since at least 2013.(Citation: FireEye Hacking FIN4 Dec 2014)(Citation: FireEye FIN4 Stealing Insider NOV 2014) [FIN4](https://attack.mitre.org/groups/G0085) is unique in that they do not infect victims with typical persistent malware, but rather they focus on capturing credentials authorized to access email and other non-public correspondence.(Citation: FireEye Hacking FIN4 Dec 2014)(Citation: FireEye Hacking FIN4 Video Dec 2014)",https://attack.mitre.org/groups/G0085,31-Jan-19,23-Jun-20,1.1,,,
G0053,FIN5,"[FIN5](https://attack.mitre.org/groups/G0053) is a financially motivated threat group that has targeted personally identifiable information and payment card information. The group has been active since at least 2008 and has targeted the restaurant, gaming, and hotel industries. The group is made up of actors who likely speak Russian. (Citation: FireEye Respond Webinar July 2017) (Citation: Mandiant FIN5 GrrCON Oct 2016) (Citation: DarkReading FireEye FIN5 Oct 2015)",https://attack.mitre.org/groups/G0053,16-Jan-18,19-Mar-20,1.1,Walker Johnson,,
G0037,FIN6,[FIN6](https://attack.mitre.org/groups/G0037) is a cyber crime group that has stolen payment card data and sold it for profit on underground marketplaces. This group has aggressively targeted and compromised point of sale (PoS) systems in the hospitality and retail sectors.(Citation: FireEye FIN6 April 2016)(Citation: FireEye FIN6 Apr 2019),https://attack.mitre.org/groups/G0037,31-May-17,28-Dec-20,3.1,"Center for Threat-Informed Defense (CTID); Drew Church, Splunk","ITG08, Magecart Group 6, SKELETON SPIDER","(Citation: Security Intelligence More Eggs Aug 2019), (Citation: Security Intelligence ITG08 April 2020), (Citation: Crowdstrike Global Threat Report Feb 2018)"
G0046,FIN7,"[FIN7](https://attack.mitre.org/groups/G0046) is a financially-motivated threat group that has primarily targeted the U.S. retail, restaurant, and hospitality sectors since mid-2015. They often use point-of-sale malware. A portion of [FIN7](https://attack.mitre.org/groups/G0046) was run out of a front company called Combi Security. [FIN7](https://attack.mitre.org/groups/G0046) is sometimes referred to as [Carbanak](https://attack.mitre.org/groups/G0008) Group, but these appear to be two groups using the same [Carbanak](https://attack.mitre.org/software/S0030) malware and are therefore tracked separately. (Citation: FireEye FIN7 March 2017) (Citation: FireEye FIN7 April 2017) (Citation: FireEye CARBANAK June 2017) (Citation: FireEye FIN7 Aug 2018)",https://attack.mitre.org/groups/G0046,31-May-17,22-Oct-20,1.5,,,
G0061,FIN8,"[FIN8](https://attack.mitre.org/groups/G0061) is a financially motivated threat group known to launch tailored spearphishing campaigns targeting the retail, restaurant, and hospitality industries. (Citation: FireEye Obfuscation June 2017) (Citation: FireEye Fin8 May 2016)",https://attack.mitre.org/groups/G0061,18-Apr-18,9-Feb-21,1.1,,,
G0117,Fox Kitten,"[Fox Kitten](https://attack.mitre.org/groups/G0117) is threat actor with a suspected nexus to the Iranian government that has been active since at least 2017 against entities in the Middle East, North Africa, Europe, Australia, and North America. [Fox Kitten](https://attack.mitre.org/groups/G0117) has targeted multiple industrial verticals including oil and gas, technology, government, defense, healthcare, manufacturing, and engineering.(Citation: ClearkSky Fox Kitten February 2020)(Citation: CrowdStrike PIONEER KITTEN August 2020)(Citation: Dragos PARISITE )(Citation: ClearSky Pay2Kitten December 2020)",https://attack.mitre.org/groups/G0117,21-Dec-20,20-Apr-21,1,,"PIONEER KITTEN, Parisite, UNC757","(Citation: CrowdStrike PIONEER KITTEN August 2020)(Citation: CISA AA20-259A Iran-Based Actor September 2020), (Citation: Dragos PARISITE )(Citation: ClearkSky Fox Kitten February 2020)(Citation: CrowdStrike PIONEER KITTEN August 2020), (Citation: CISA AA20-259A Iran-Based Actor September 2020)(Citation: CrowdStrike PIONEER KITTEN August 2020)"
G0101,Frankenstein,[Frankenstein](https://attack.mitre.org/groups/G0101) is a campaign carried out between January and April 2019 by unknown threat actors. The campaign name comes from the actors' ability to piece together several unrelated components.(Citation: Talos Frankenstein June 2019)  ,https://attack.mitre.org/groups/G0101,11-May-20,28-May-20,1,,,
G0093,GALLIUM,"[GALLIUM](https://attack.mitre.org/groups/G0093) is a group that has been active since at least 2012, primarily targeting high-profile telecommunications networks. [GALLIUM](https://attack.mitre.org/groups/G0093) has been identified in some reporting as likely a Chinese state-sponsored group, based in part on tools used and TTPs commonly associated with Chinese threat actors.(Citation: Cybereason Soft Cell June 2019)(Citation: Microsoft GALLIUM December 2019)",https://attack.mitre.org/groups/G0093,18-Jul-19,23-Apr-21,2,"Cybereason Nocturnus, @nocturnus; Daniyal Naeem, BT Security",Operation Soft Cell,(Citation: Cybereason Soft Cell June 2019)
G0036,GCMAN,[GCMAN](https://attack.mitre.org/groups/G0036) is a threat group that focuses on targeting banks for the purpose of transferring money to e-currency services. (Citation: Securelist GCMAN),https://attack.mitre.org/groups/G0036,31-May-17,30-Mar-20,1.1,,,
G0115,GOLD SOUTHFIELD,[GOLD SOUTHFIELD](https://attack.mitre.org/groups/G0115) is a financially motivated threat group active since at least 2019 that operates the [REvil](https://attack.mitre.org/software/S0496) Ransomware-as-a Service (RaaS). [GOLD SOUTHFIELD](https://attack.mitre.org/groups/G0115) provides backend infrastructure for affiliates recruited on underground forums to perpetrate high value deployments.(Citation: Secureworks REvil September 2019)(Citation: Secureworks GandCrab and REvil September 2019)(Citation: Secureworks GOLD SOUTHFIELD),https://attack.mitre.org/groups/G0115,22-Sep-20,26-Apr-21,1.1,"Thijn Bukkems, Amazon",,
G0084,Gallmaker,"[Gallmaker](https://attack.mitre.org/groups/G0084) is a cyberespionage group that has targeted victims in the Middle East and has been active since at least December 2017. The group has mainly targeted victims in the defense, military, and government sectors.(Citation: Symantec Gallmaker Oct 2018)",https://attack.mitre.org/groups/G0084,30-Jan-19,30-Mar-20,1.1,,,
G0047,Gamaredon Group,"[Gamaredon Group](https://attack.mitre.org/groups/G0047) is a threat group that has been active since at least 2013 and has targeted individuals likely involved in the Ukrainian government. The name [Gamaredon Group](https://attack.mitre.org/groups/G0047) comes from a misspelling of the word ""Armageddon"", which was detected in the adversary's early campaigns.(Citation: Palo Alto Gamaredon Feb 2017)(Citation: TrendMicro Gamaredon April 2020)(Citation: ESET Gamaredon June 2020)",https://attack.mitre.org/groups/G0047,31-May-17,20-Jan-21,1.2,ESET; Trend Micro Incorporated,,
G0078,Gorgon Group,"[Gorgon Group](https://attack.mitre.org/groups/G0078) is a threat group consisting of members who are suspected to be Pakistan-based or have other connections to Pakistan. The group has performed a mix of criminal and targeted attacks, including campaigns against government organizations in the United Kingdom, Spain, Russia, and the United States. (Citation: Unit 42 Gorgon Group Aug 2018)",https://attack.mitre.org/groups/G0078,17-Oct-18,9-Feb-21,1.4,,,
G0043,Group5,"[Group5](https://attack.mitre.org/groups/G0043) is a threat group with a suspected Iranian nexus, though this attribution is not definite. The group has targeted individuals connected to the Syrian opposition via spearphishing and watering holes, normally using Syrian and Iranian themes. [Group5](https://attack.mitre.org/groups/G0043) has used two commonly available remote access tools (RATs), [njRAT](https://attack.mitre.org/software/S0385) and [NanoCore](https://attack.mitre.org/software/S0336), as well as an Android RAT, DroidJack. (Citation: Citizen Lab Group5)",https://attack.mitre.org/groups/G0043,31-May-17,30-Mar-20,1.2,,,
G0125,HAFNIUM,"[HAFNIUM](https://attack.mitre.org/groups/G0125) is a likely state-sponsored cyber espionage group operating out of China that has been active since at least January 2021. [HAFNIUM](https://attack.mitre.org/groups/G0125) primarily targets entities in the US across a number of industry sectors, including infectious disease researchers, law firms, higher education institutions, defense contractors, policy think tanks, and NGOs.(Citation: Microsoft HAFNIUM March 2020)(Citation: Volexity Exchange Marauder March 2021)",https://attack.mitre.org/groups/G0125,3-Mar-21,25-Apr-21,1,"Daniyal Naeem, BT Security; Harshal Tupsamudre, Qualys; Matt Brenton, Zurich Insurance Group; Mayuresh Dani, Qualys",Operation Exchange Marauder,(Citation: Volexity Exchange Marauder March 2021)
G0126,Higaisa,"[Higaisa](https://attack.mitre.org/groups/G0126) is a threat group suspected to have South Korean origins. [Higaisa](https://attack.mitre.org/groups/G0126) has targeted government, public, and trade organizations in North Korea; however, they have also carried out attacks in China, Japan, Russia, Poland, and other nations. [Higaisa](https://attack.mitre.org/groups/G0126) was first disclosed in early 2019 but is assessed to have operated as early as 2009.(Citation: Malwarebytes Higaisa 2020)(Citation: Zscaler Higaisa 2020)(Citation: PTSecurity Higaisa 2020)",https://attack.mitre.org/groups/G0126,5-Mar-21,22-Apr-21,1,"Daniyal Naeem, BT Security",,
G0072,Honeybee,"[Honeybee](https://attack.mitre.org/groups/G0072) is a campaign led by an unknown actor that targets humanitarian aid organizations and has been active in Vietnam, Singapore, Argentina, Japan, Indonesia, and Canada. It has been an active operation since August of 2017 and as recently as February 2018. (Citation: McAfee Honeybee)",https://attack.mitre.org/groups/G0072,17-Oct-18,23-Jul-20,1.1,,,
G0100,Inception,"[Inception](https://attack.mitre.org/groups/G0100) is a cyber espionage group active since at least 2014. The group has targeted multiple industries and governmental entities primarily in Russia, but has also been active in the United States and throughout Europe, Asia, Africa, and the Middle East.(Citation: Unit 42 Inception November 2018)(Citation: Symantec Inception Framework March 2018)(Citation: Kaspersky Cloud Atlas December 2014)",https://attack.mitre.org/groups/G0100,8-May-20,20-May-20,1,"Oleg Skulkin, Group-IB","Cloud Atlas, Inception Framework","(Citation: Kaspersky Cloud Atlas December 2014), (Citation: Symantec Inception Framework March 2018)"
G0119,Indrik Spider,[Indrik Spider](https://attack.mitre.org/groups/G0119) is a financially motivated threat group that has leveraged the Dridex banking trojan since at least June 2014 and delivered ransomware variants since 2017.(Citation: Crowdstrike Indrik November 2018) ,https://attack.mitre.org/groups/G0119,6-Jan-21,20-Apr-21,1,,,
G0004,Ke3chang,"[Ke3chang](https://attack.mitre.org/groups/G0004) is a threat group attributed to actors operating out of China. [Ke3chang](https://attack.mitre.org/groups/G0004) has targeted several industries, including oil, government, military, and more. (Citation: Villeneuve et al 2014) (Citation: NCC Group APT15 Alive and Strong) (Citation: APT15 Intezer June 2018)",https://attack.mitre.org/groups/G0004,31-May-17,29-Mar-21,1.3,,"APT15, GREF, Mirage, Playful Dragon, RoyalAPT, Vixen Panda","(Citation: NCC Group APT15 Alive and Strong), (Citation: NCC Group APT15 Alive and Strong), (Citation: NCC Group APT15 Alive and Strong), (Citation: NCC Group APT15 Alive and Strong) (Citation: APT15 Intezer June 2018), (Citation: APT15 Intezer June 2018), (Citation: NCC Group APT15 Alive and Strong) (Citation: APT15 Intezer June 2018)"
G0094,Kimsuky,"[Kimsuky](https://attack.mitre.org/groups/G0094) is a North Korean-based threat group that has been active since at least September 2013. The group initially focused on targeting Korean think tanks and DPRK/nuclear-related targets, expanding recently to the United States, Russia, and Europe. The group was attributed as the actor behind the Korea Hydro & Nuclear Power Co. compromise.(Citation: EST Kimsuky April 2019)(Citation: BRI Kimsuky April 2019)(Citation: Cybereason Kimsuky November 2020)",https://attack.mitre.org/groups/G0094,26-Aug-19,23-Apr-21,2,,"Black Banshee, Thallium, Velvet Chollima","(Citation: Cybereason Kimsuky November 2020), (Citation: Cybereason Kimsuky November 2020), (Citation: Zdnet Kimsuky Dec 2018)(Citation: ThreatConnect Kimsuky September 2020)"
G0032,Lazarus Group,"[Lazarus Group](https://attack.mitre.org/groups/G0032) is a threat group that has been attributed to the North Korean government.(Citation: US-CERT HIDDEN COBRA June 2017) The group has been active since at least 2009 and was reportedly responsible for the November 2014 destructive wiper attack against Sony Pictures Entertainment as part of a campaign named Operation Blockbuster by Novetta. Malware used by [Lazarus Group](https://attack.mitre.org/groups/G0032) correlates to other reported campaigns, including Operation Flame, Operation 1Mission, Operation Troy, DarkSeoul, and Ten Days of Rain. (Citation: Novetta Blockbuster) In late 2017, [Lazarus Group](https://attack.mitre.org/groups/G0032) used KillDisk, a disk-wiping tool, in an attack against an online casino based in Central America. (Citation: Lazarus KillDisk)

North Korean group definitions are known to have significant overlap, and the name [Lazarus Group](https://attack.mitre.org/groups/G0032) is known to encompass a broad range of activity. Some organizations use the name Lazarus Group to refer to any activity attributed to North Korea.(Citation: US-CERT HIDDEN COBRA June 2017) Some organizations track North Korean clusters or groups such as Bluenoroff,(Citation: Kaspersky Lazarus Under The Hood Blog 2017) [APT37](https://attack.mitre.org/groups/G0067), and [APT38](https://attack.mitre.org/groups/G0082) separately, while other organizations may track some activity associated with those group names by the name Lazarus Group.",https://attack.mitre.org/groups/G0032,31-May-17,18-Mar-21,1.5,,"Guardians of Peace, HIDDEN COBRA, NICKEL ACADEMY, ZINC","(Citation: US-CERT HIDDEN COBRA June 2017), The U.S. Government refers to malicious cyber activity by the North Korean government as HIDDEN COBRA.(Citation: US-CERT HIDDEN COBRA June 2017)(Citation: US-CERT HOPLIGHT Apr 2019), (Citation: Secureworks NICKEL ACADEMY Dec 2017), (Citation: Microsoft ZINC disruption Dec 2017)"
G0077,Leafminer,[Leafminer](https://attack.mitre.org/groups/G0077) is an Iranian threat group that has targeted government organizations and business entities in the Middle East since at least early 2017. (Citation: Symantec Leafminer July 2018),https://attack.mitre.org/groups/G0077,17-Oct-18,23-Jun-20,2.2,,Raspite,(Citation: Dragos Raspite Aug 2018)
G0065,Leviathan,"[Leviathan](https://attack.mitre.org/groups/G0065) is a cyber espionage group that has been active since at least 2013. The group generally targets defense and government organizations, but has also targeted a range of industries including engineering firms, shipping and transportation, manufacturing, defense, government offices, and research universities in the United States, Western Europe, and along the South China Sea. (Citation: Proofpoint Leviathan Oct 2017) (Citation: FireEye Periscope March 2018)",https://attack.mitre.org/groups/G0065,18-Apr-18,30-Mar-20,2.1,"Valerii Marchuk, Cybersecurity Help s.r.o.","APT40, TEMP.Jumper, TEMP.Periscope","The group identified by Proofpoint as Leviathan appears to significantly overlap with FireEye's reporting on APT40. Additionally, FireEye reporting on TEMP.Periscope (which was combined into APT40) indicated TEMP.Periscope was reported upon as Leviathan.(Citation: FireEye Periscope March 2018)(Citation: FireEye APT40 March 2019)(Citation: Proofpoint Leviathan Oct 2017), Leviathan was previously reported upon by FireEye as TEMP.Periscope and TEMP.Jumper.(Citation: FireEye APT40 March 2019), Leviathan was previously reported upon by FireEye as TEMP.Periscope and TEMP.Jumper.(Citation: FireEye Periscope March 2018)(Citation: FireEye APT40 March 2019)"
G0030,Lotus Blossom,[Lotus Blossom](https://attack.mitre.org/groups/G0030) is a threat group that has targeted government and military organizations in Southeast Asia. (Citation: Lotus Blossom Jun 2015),https://attack.mitre.org/groups/G0030,31-May-17,25-Mar-19,2,,"DRAGONFISH, Spring Dragon","(Citation: Accenture Dragonfish Jan 2018), (Citation: Spring Dragon Jun 2015)(Citation: Accenture Dragonfish Jan 2018)"
G0095,Machete,"[Machete](https://attack.mitre.org/groups/G0095) is a suspected Spanish-speaking cyber espionage group that has been active since at least 2010. It has primarily focused its operations within Latin America, with a particular emphasis on Venezuela, but also in the US, Europe, Russia, and parts of Asia. [Machete](https://attack.mitre.org/groups/G0095) generally targets high-profile organizations such as government institutions, intelligence services, and military units, as well as telecommunications and power companies.(Citation: Cylance Machete Mar 2017)(Citation: Securelist Machete Aug 2014)(Citation: ESET Machete July 2019)(Citation: 360 Machete Sep 2020)",https://attack.mitre.org/groups/G0095,13-Sep-19,23-Apr-21,2,"Matias Nicolas Porolli, ESET","APT-C-43, El Machete","(Citation: 360 Machete Sep 2020), (Citation: Cylance Machete Mar 2017)"
G0059,Magic Hound,"[Magic Hound](https://attack.mitre.org/groups/G0059) is an Iranian-sponsored threat group that conducts long term, resource-intensive cyber espionage operations, dating back as early as 2014. The group typically targets U.S. and Middle Eastern military organizations, as well as other government personnel, via complex social engineering campaigns.(Citation: FireEye APT35 2018)",https://attack.mitre.org/groups/G0059,16-Jan-18,25-Apr-21,3,Anastasios Pingios; Bryan Lee,"APT35, COBALT ILLUSION, Charming Kitten, ITG18, Newscaster, Phosphorus","(Citation: FireEye APT35 2018), (Citation: Secureworks COBALT ILLUSION Threat Profile), (Citation: ClearSky Charming Kitten Dec 2017)(Citation: Eweek Newscaster and Charming Kitten May 2014)(Citation: ClearSky Kittens Back 2 Oct 2019)(Citation: ClearSky Kittens Back 3 August 2020), (Citation: IBM ITG18 2020), Link analysis of infrastructure and tools revealed a potential relationship between Magic Hound and the older attack campaign called Newscaster (aka Newscasters).(Citation: Unit 42 Magic Hound Feb 2017)(Citation: FireEye APT35 2018), (Citation: Microsoft Phosphorus Mar 2019)(Citation: Microsoft Phosphorus Oct 2020)(Citation: US District Court of DC Phosphorus Complaint 2019)"
G0002,Moafee,"[Moafee](https://attack.mitre.org/groups/G0002) is a threat group that appears to operate from the Guandong Province of China. Due to overlapping TTPs, including similar custom tools, Moafee is thought to have a direct or indirect relationship with the threat group [DragonOK](https://attack.mitre.org/groups/G0017). (Citation: Haq 2014)",https://attack.mitre.org/groups/G0002,31-May-17,30-Mar-20,1.1,,,
G0103,Mofang,"[Mofang](https://attack.mitre.org/groups/G0103) is a likely China-based cyber espionage group, named for its frequent practice of imitating a victim's infrastructure. This adversary has been observed since at least May 2012 conducting focused attacks against government and critical infrastructure in Myanmar, as well as several other countries and sectors including military, automobile, and weapons industries.(Citation: FOX-IT May 2016 Mofang)",https://attack.mitre.org/groups/G0103,12-May-20,29-May-20,1,,,
G0021,Molerats,"[Molerats](https://attack.mitre.org/groups/G0021) is an Arabic-speaking, politically-motivated threat group that has been operating since 2012. The group's victims have primarily been in the Middle East, Europe, and the United States.(Citation: DustySky)(Citation: DustySky2)(Citation: Kaspersky MoleRATs April 2019)(Citation: Cybereason Molerats Dec 2020)",https://attack.mitre.org/groups/G0021,31-May-17,27-Apr-21,2,,"Gaza Cybergang, Operation Molerats","(Citation: DustySky)(Citation: Kaspersky MoleRATs April 2019)(Citation: Cybereason Molerats Dec 2020), (Citation: FireEye Operation Molerats)(Citation: Cybereason Molerats Dec 2020)"
G0069,MuddyWater,"[MuddyWater](https://attack.mitre.org/groups/G0069) is an Iranian threat group that has primarily targeted Middle Eastern nations, and has also targeted European and North American nations. The group's victims are mainly in the telecommunications, government (IT services), and oil sectors. Activity from this group was previously linked to [FIN7](https://attack.mitre.org/groups/G0046), but the group is believed to be a distinct group possibly motivated by espionage.(Citation: Unit 42 MuddyWater Nov 2017)(Citation: Symantec MuddyWater Dec 2018)(Citation: ClearSky MuddyWater Nov 2018)(Citation: ClearSky MuddyWater June 2019)(Citation: Reaqta MuddyWater November 2017)",https://attack.mitre.org/groups/G0069,18-Apr-18,26-Apr-21,3,,"Earth Vetala , MERCURY, Seedworm, Static Kitten, TEMP.Zagros","(Citation: Trend Micro Muddy Water March 2021), (Citation: Anomali Static Kitten February 2021), (Citation: Symantec MuddyWater Dec 2018)(Citation: Anomali Static Kitten February 2021)(Citation: Trend Micro Muddy Water March 2021), (Citation: Anomali Static Kitten February 2021)(Citation: Trend Micro Muddy Water March 2021), (Citation: FireEye MuddyWater Mar 2018)(Citation: Anomali Static Kitten February 2021)(Citation: Trend Micro Muddy Water March 2021)"
G0129,Mustang Panda,"[Mustang Panda](https://attack.mitre.org/groups/G0129) is a China-based cyber espionage threat actor that was first observed in 2017 but may have been conducting operations since at least 2014. [Mustang Panda](https://attack.mitre.org/groups/G0129) has targeted government entities, nonprofits, religious, and other non-governmental organizations in the U.S., Germany, Mongolia, Myanmar, Pakistan, and Vietnam, among others.(Citation: Crowdstrike MUSTANG PANDA June 2018)(Citation: Anomali MUSTANG PANDA October 2019)(Citation: Secureworks BRONZE PRESIDENT December 2019) ",https://attack.mitre.org/groups/G0129,12-Apr-21,25-Apr-21,1,"Kyaw Pyiyt Htet, @KyawPyiytHtet","BRONZE PRESIDENT, RedDelta, TA416","(Citation: Secureworks BRONZE PRESIDENT December 2019), (Citation: Recorded Future REDDELTA July 2020), (Citation: Proofpoint TA416 November 2020)"
G0055,NEODYMIUM,"[NEODYMIUM](https://attack.mitre.org/groups/G0055) is an activity group that conducted a campaign in May 2016 and has heavily targeted Turkish victims. The group has demonstrated similarity to another activity group called [PROMETHIUM](https://attack.mitre.org/groups/G0056) due to overlapping victim and campaign characteristics. (Citation: Microsoft NEODYMIUM Dec 2016) (Citation: Microsoft SIR Vol 21) [NEODYMIUM](https://attack.mitre.org/groups/G0055) is reportedly associated closely with [BlackOasis](https://attack.mitre.org/groups/G0063) operations, but evidence that the group names are aliases has not been identified. (Citation: CyberScoop BlackOasis Oct 2017)",https://attack.mitre.org/groups/G0055,16-Jan-18,25-Mar-19,1,,,
G0019,Naikon,"[Naikon](https://attack.mitre.org/groups/G0019) is a threat group that has focused on targets around the South China Sea.(Citation: Baumgartner Naikon 2015) The group has been attributed to the Chinese People’s Liberation Army’s (PLA) Chengdu Military Region Second Technical Reconnaissance Bureau(Military Unit Cover Designator 78020).(Citation: CameraShy) While [Naikon](https://attack.mitre.org/groups/G0019) shares some characteristics with [APT30](https://attack.mitre.org/groups/G0013), the two groups do not appear to be exact matches.(Citation: Baumgartner Golovkin Naikon 2015)",https://attack.mitre.org/groups/G0019,31-May-17,3-Jul-20,1.1,,,
G0014,Night Dragon,[Night Dragon](https://attack.mitre.org/groups/G0014) is a campaign name for activity involving a threat group that has conducted activity originating primarily in China. (Citation: McAfee Night Dragon),https://attack.mitre.org/groups/G0014,31-May-17,15-Oct-20,1.3,,,
G0049,OilRig,"[OilRig](https://attack.mitre.org/groups/G0049) is a suspected Iranian threat group that has targeted Middle Eastern and international victims since at least 2014. The group has targeted a variety of industries, including financial, government, energy, chemical, and telecommunications, and has largely focused its operations within the Middle East. It appears the group carries out supply chain attacks, leveraging the trust relationship between organizations to attack their primary targets. FireEye assesses that the group works on behalf of the Iranian government based on infrastructure details that contain references to Iran, use of Iranian infrastructure, and targeting that aligns with nation-state interests. (Citation: Palo Alto OilRig April 2017) (Citation: ClearSky OilRig Jan 2017) (Citation: Palo Alto OilRig May 2016) (Citation: Palo Alto OilRig Oct 2016) (Citation: Unit 42 Playbook Dec 2017) (Citation: FireEye APT34 Dec 2017)(Citation: Unit 42 QUADAGENT July 2018) This group was previously tracked under two distinct groups, APT34 and OilRig, but was combined due to additional reporting giving higher confidence about the overlap of the activity.",https://attack.mitre.org/groups/G0049,14-Dec-17,26-Apr-21,2,Bryan Lee; Robert Falcone,"APT34, COBALT GYPSY, HELIX KITTEN, IRN2","This group was previously tracked under two distinct groups, APT34 and OilRig, but was combined due to additional reporting giving higher confidence about the overlap of the activity. (Citation: Unit 42 QUADAGENT July 2018) (Citation: FireEye APT34 Dec 2017), (Citation: Secureworks COBALT GYPSY Threat Profile), (Citation: Unit 42 QUADAGENT July 2018)(Citation: Crowdstrike Helix Kitten Nov 2018), (Citation: Crowdstrike Helix Kitten Nov 2018)"
G0116,Operation Wocao,"[Operation Wocao](https://attack.mitre.org/groups/G0116) described activities carried out by a China-based cyber espionage adversary. [Operation Wocao](https://attack.mitre.org/groups/G0116) targeted entities within the government, managed service providers, energy, health care, and technology sectors across several countries, including China, France, Germany, the United Kingdom, and the United States. [Operation Wocao](https://attack.mitre.org/groups/G0116) used similar TTPs and tools to APT20, suggesting a possible overlap.(Citation: FoxIT Wocao December 2019)",https://attack.mitre.org/groups/G0116,17-Nov-20,20-Apr-21,1,"Erik Schamper, @Schamperr, Fox-IT; Maarten van Dantzig, @MaartenVDantzig, Fox-IT",,
G0071,Orangeworm,"[Orangeworm](https://attack.mitre.org/groups/G0071) is a group that has targeted organizations in the healthcare sector in the United States, Europe, and Asia since at least 2015, likely for the purpose of corporate espionage. (Citation: Symantec Orangeworm April 2018)",https://attack.mitre.org/groups/G0071,17-Oct-18,30-Mar-20,1.1,"Elger Vinicius S. Rodrigues, @elgervinicius, CYBINT Centre",,
G0068,PLATINUM,[PLATINUM](https://attack.mitre.org/groups/G0068) is an activity group that has targeted victims since at least 2009. The group has focused on targets associated with governments and related organizations in South and Southeast Asia. (Citation: Microsoft PLATINUM April 2016),https://attack.mitre.org/groups/G0068,18-Apr-18,22-Apr-21,1.3,Ryan Becwar,,
G0056,PROMETHIUM,[PROMETHIUM](https://attack.mitre.org/groups/G0056) is an activity group focused on espionage that has been active since at least 2012. The group has conducted operations globally with a heavy emphasis on Turkish targets. [PROMETHIUM](https://attack.mitre.org/groups/G0056) has demonstrated similarity to another activity group called [NEODYMIUM](https://attack.mitre.org/groups/G0055) due to overlapping victim and campaign characteristics.(Citation: Microsoft NEODYMIUM Dec 2016)(Citation: Microsoft SIR Vol 21)(Citation: Talos Promethium June 2020),https://attack.mitre.org/groups/G0056,16-Jan-18,22-Oct-20,2,,StrongPity,The name StrongPity has also been used to describe the group and the malware used by the group.(Citation: Bitdefender StrongPity June 2020)(Citation: Talos Promethium June 2020)
G0040,Patchwork,"[Patchwork](https://attack.mitre.org/groups/G0040) is a cyberespionage group that was first observed in December 2015. While the group has not been definitively attributed, circumstantial evidence suggests the group may be a pro-Indian or Indian entity. [Patchwork](https://attack.mitre.org/groups/G0040) has been seen targeting industries related to diplomatic and government agencies. Much of the code used by this group was copied and pasted from online forums. [Patchwork](https://attack.mitre.org/groups/G0040) was also seen operating spearphishing campaigns targeting U.S. think tank groups in March and April of 2018. (Citation: Cymmetria Patchwork) (Citation: Symantec Patchwork) (Citation: TrendMicro Patchwork Dec 2017) (Citation: Volexity Patchwork June 2018)",https://attack.mitre.org/groups/G0040,31-May-17,14-Oct-20,1.3,,"Chinastrats, Dropping Elephant, Hangover Group, MONSOON, Operation Hangover","(Citation: Securelist Dropping Elephant), (Citation: Symantec Patchwork) (Citation: Securelist Dropping Elephant) (Citation: PaloAlto Patchwork Mar 2018) (Citation: Volexity Patchwork June 2018), Patchwork and the Hangover Group have both been referenced as aliases for the threat group associated with Operation Monsoon.(Citation: PaloAlto Patchwork Mar 2018)(Citation: Unit 42 BackConfig May 2020)(Citation: Forcepoint Monsoon), MONSOON is the name of an espionage campaign; we use it here to refer to the actor group behind the campaign. (Citation: Forcepoint Monsoon) (Citation: PaloAlto Patchwork Mar 2018), It is believed that the actors behind Patchwork are the same actors behind Operation Hangover. (Citation: Forcepoint Monsoon) (Citation: Operation Hangover May 2013)"
G0011,PittyTiger,[PittyTiger](https://attack.mitre.org/groups/G0011) is a threat group believed to operate out of China that uses multiple different types of malware to maintain command and control. (Citation: Bizeul 2014) (Citation: Villeneuve 2014),https://attack.mitre.org/groups/G0011,31-May-17,30-Mar-20,1.1,,,
G0033,Poseidon Group,[Poseidon Group](https://attack.mitre.org/groups/G0033) is a Portuguese-speaking threat group that has been active since at least 2005. The group has a history of using information exfiltrated from victims to blackmail victim companies into contracting the [Poseidon Group](https://attack.mitre.org/groups/G0033) as a security firm. (Citation: Kaspersky Poseidon Group),https://attack.mitre.org/groups/G0033,31-May-17,18-Mar-20,1.1,,,
G0024,Putter Panda,[Putter Panda](https://attack.mitre.org/groups/G0024) is a Chinese threat group that has been attributed to Unit 61486 of the 12th Bureau of the PLA’s 3rd General Staff Department (GSD). (Citation: CrowdStrike Putter Panda),https://attack.mitre.org/groups/G0024,31-May-17,30-Mar-20,1.1,,"APT2, MSUpdater","(Citation: Cylance Putter Panda), (Citation: CrowdStrike Putter Panda)"
G0048,RTM,[RTM](https://attack.mitre.org/groups/G0048) is a cybercriminal group that has been active since at least 2015 and is primarily interested in users of remote banking systems in Russia and neighboring countries. The group uses a Trojan by the same name ([RTM](https://attack.mitre.org/software/S0148)). (Citation: ESET RTM Feb 2017),https://attack.mitre.org/groups/G0048,31-May-17,12-May-20,1.1,"Oleg Skulkin, Group-IB",,
G0075,Rancor,[Rancor](https://attack.mitre.org/groups/G0075) is a threat group that has led targeted campaigns against the South East Asia region. [Rancor](https://attack.mitre.org/groups/G0075) uses politically-motivated lures to entice victims to open malicious documents. (Citation: Rancor Unit42 June 2018),https://attack.mitre.org/groups/G0075,17-Oct-18,30-Mar-20,1.2,,,
G0106,Rocke,"[Rocke](https://attack.mitre.org/groups/G0106) is an alleged Chinese-speaking adversary whose primary objective appeared to be cryptojacking, or stealing victim system resources for the purposes of mining cryptocurrency. The name [Rocke](https://attack.mitre.org/groups/G0106) comes from the email address ""rocke@live.cn"" used to create the wallet which held collected cryptocurrency. Researchers have detected overlaps between [Rocke](https://attack.mitre.org/groups/G0106) and the Iron Cybercrime Group, though this attribution has not been confirmed.(Citation: Talos Rocke August 2018)",https://attack.mitre.org/groups/G0106,26-May-20,19-Jun-20,1,,,
G0034,Sandworm Team,"[Sandworm Team](https://attack.mitre.org/groups/G0034) is a destructive threat group that has been attributed to Russia's General Staff Main Intelligence Directorate (GRU) Main Center for Special Technologies (GTsST) military unit 74455.(Citation: US District Court Indictment GRU Unit 74455 October 2020)(Citation: UK NCSC Olympic Attacks October 2020) This group has been active since at least 2009.(Citation: iSIGHT Sandworm 2014)(Citation: CrowdStrike VOODOO BEAR)(Citation: USDOJ Sandworm Feb 2020)(Citation: NCSC Sandworm Feb 2020)

In October 2020, the US indicted six GRU Unit 74455 officers associated with [Sandworm Team](https://attack.mitre.org/groups/G0034) for the following cyber operations: the 2015 and 2016 attacks against Ukrainian electrical companies and government organizations, the 2017 worldwide [NotPetya](https://attack.mitre.org/software/S0368) attack, targeting of the 2017 French presidential campaign, the 2018 [Olympic Destroyer](https://attack.mitre.org/software/S0365) attack against the Winter Olympic Games, the 2018 operation against the Organisation for the Prohibition of Chemical Weapons, and attacks against the country of Georgia in 2018 and 2019.(Citation: US District Court Indictment GRU Unit 74455 October 2020)(Citation: UK NCSC Olympic Attacks October 2020) Some of these were conducted with the assistance of GRU Unit 26165, which is also referred to as [APT28](https://attack.mitre.org/groups/G0007).(Citation: US District Court Indictment GRU Oct 2018)",https://attack.mitre.org/groups/G0034,31-May-17,13-Apr-21,2,,"BlackEnergy (Group), ELECTRUM, IRON VIKING, Quedagh, Telebots, VOODOO BEAR","(Citation: NCSC Sandworm Feb 2020)(Citation: UK NCSC Olympic Attacks October 2020), (Citation: Dragos ELECTRUM)(Citation: UK NCSC Olympic Attacks October 2020), (Citation: Secureworks IRON VIKING )(Citation: US District Court Indictment GRU Unit 74455 October 2020)(Citation: UK NCSC Olympic Attacks October 2020), (Citation: iSIGHT Sandworm 2014) (Citation: F-Secure BlackEnergy 2014)(Citation: UK NCSC Olympic Attacks October 2020), (Citation: NCSC Sandworm Feb 2020)(Citation: US District Court Indictment GRU Unit 74455 October 2020)(Citation: UK NCSC Olympic Attacks October 2020), (Citation: CrowdStrike VOODOO BEAR)(Citation: US District Court Indictment GRU Unit 74455 October 2020)(Citation: UK NCSC Olympic Attacks October 2020)"
G0029,Scarlet Mimic,"[Scarlet Mimic](https://attack.mitre.org/groups/G0029) is a threat group that has targeted minority rights activists. This group has not been directly linked to a government source, but the group's motivations appear to overlap with those of the Chinese government. While there is some overlap between IP addresses used by [Scarlet Mimic](https://attack.mitre.org/groups/G0029) and [Putter Panda](https://attack.mitre.org/groups/G0024), it has not been concluded that the groups are the same. (Citation: Scarlet Mimic Jan 2016)",https://attack.mitre.org/groups/G0029,31-May-17,30-Mar-20,1.2,,,
G0104,Sharpshooter,"Operation [Sharpshooter](https://attack.mitre.org/groups/G0104) is the name of a cyber espionage campaign discovered in October 2018 targeting nuclear, defense, energy, and financial companies. Though overlaps between this adversary and [Lazarus Group](https://attack.mitre.org/groups/G0032) have been noted, definitive links have not been established.(Citation: McAfee Sharpshooter December 2018)",https://attack.mitre.org/groups/G0104,14-May-20,30-Jun-20,1,,,
G0121,Sidewinder,"[Sidewinder](https://attack.mitre.org/groups/G0121) is a suspected Indian threat actor group that has been active since at least 2012. They have been observed targeting government, military, and business entities throughout Asia, primarily focusing on Pakistan, China, Nepal, and Afghanistan.(Citation: ATT Sidewinder January 2021)(Citation: Securelist APT Trends April 2018)(Citation: Cyble Sidewinder September 2020)",https://attack.mitre.org/groups/G0121,27-Jan-21,21-Apr-21,1,"Daniyal Naeem, BT Security; Lacework Labs","Rattlesnake, T-APT-04","(Citation: Cyble Sidewinder September 2020), (Citation: Cyble Sidewinder September 2020)"
G0091,Silence,"[Silence](https://attack.mitre.org/groups/G0091) is a financially motivated threat actor targeting financial institutions in different countries. The group was first seen in June 2016. Their main targets reside in Russia, Ukraine, Belarus, Azerbaijan, Poland and Kazakhstan. They compromised various banking systems, including the Russian Central Bank's Automated Workstation Client, ATMs, and card processing.(Citation: Cyber Forensicator Silence Jan 2019)(Citation: SecureList Silence Nov 2017) ",https://attack.mitre.org/groups/G0091,24-May-19,26-Apr-21,2,"Oleg Skulkin, Group-IB",WHISPER SPIDER,(Citation: Crowdstrike GTR2020 Mar 2020)
G0122,Silent Librarian,"[Silent Librarian](https://attack.mitre.org/groups/G0122) is a group that has targeted research and proprietary data at universities, government agencies, and private sector companies worldwide since at least 2013. Members of  [Silent Librarian](https://attack.mitre.org/groups/G0122) are known to have been affiliated with the Iran-based Mabna Institute which has conducted cyber intrusions at the behest of the government of Iran, specifically the Islamic Revolutionary Guard Corps (IRGC).(Citation: DOJ Iran Indictments March 2018)(Citation: Phish Labs Silent Librarian)(Citation: Malwarebytes Silent Librarian October 2020)",https://attack.mitre.org/groups/G0122,3-Feb-21,21-Apr-21,1,,"COBALT DICKENS, TA407","(Citation: Secureworks COBALT DICKENS August 2018)(Citation: Secureworks COBALT DICKENS September 2019)(Citation: Proofpoint TA407 September 2019)(Citation: Malwarebytes Silent Librarian October 2020), (Citation: Proofpoint TA407 September 2019)(Citation: Malwarebytes Silent Librarian October 2020)"
G0083,SilverTerrier,"[SilverTerrier](https://attack.mitre.org/groups/G0083) is a Nigerian threat group that has been seen active since 2014. [SilverTerrier](https://attack.mitre.org/groups/G0083) mainly targets organizations in high technology, higher education, and manufacturing.(Citation: Unit42 SilverTerrier 2018)(Citation: Unit42 SilverTerrier 2016)",https://attack.mitre.org/groups/G0083,29-Jan-19,19-May-20,1.1,,,
G0054,Sowbug,"[Sowbug](https://attack.mitre.org/groups/G0054) is a threat group that has conducted targeted attacks against organizations in South America and Southeast Asia, particularly government entities, since at least 2015. (Citation: Symantec Sowbug Nov 2017)",https://attack.mitre.org/groups/G0054,16-Jan-18,30-Mar-20,1.1,"Alan Neville, @abnev",,
G0038,Stealth Falcon,"[Stealth Falcon](https://attack.mitre.org/groups/G0038) is a threat group that has conducted targeted spyware attacks against Emirati journalists, activists, and dissidents since at least 2012. Circumstantial evidence suggests there could be a link between this group and the United Arab Emirates (UAE) government, but that has not been confirmed. (Citation: Citizen Lab Stealth Falcon May 2016)",https://attack.mitre.org/groups/G0038,31-May-17,23-Nov-20,1.2,,,
G0086,Stolen Pencil,"[Stolen Pencil](https://attack.mitre.org/groups/G0086) is a threat group likely originating from DPRK that has been active since at least May 2018. The group appears to have targeted academic institutions, but its motives remain unclear.(Citation: Netscout Stolen Pencil Dec 2018)",https://attack.mitre.org/groups/G0086,5-Feb-19,20-Mar-20,1.1,,,
G0041,Strider,"[Strider](https://attack.mitre.org/groups/G0041) is a threat group that has been active since at least 2011 and has targeted victims in Russia, China, Sweden, Belgium, Iran, and Rwanda.(Citation: Symantec Strider Blog)(Citation: Kaspersky ProjectSauron Blog)",https://attack.mitre.org/groups/G0041,31-May-17,29-Jun-20,1.1,,ProjectSauron,ProjectSauron is used to refer both to the threat group also known as G0041 as well as the malware platform also known as S0125. (Citation: Kaspersky ProjectSauron Blog) (Citation: Kaspersky ProjectSauron Full Report)
G0039,Suckfly,[Suckfly](https://attack.mitre.org/groups/G0039) is a China-based threat group that has been active since at least 2014. (Citation: Symantec Suckfly March 2016),https://attack.mitre.org/groups/G0039,31-May-17,30-Mar-20,1.1,,,
G0062,TA459,"[TA459](https://attack.mitre.org/groups/G0062) is a threat group believed to operate out of China that has targeted countries including Russia, Belarus, Mongolia, and others. (Citation: Proofpoint TA459 April 2017)",https://attack.mitre.org/groups/G0062,18-Apr-18,30-Mar-20,1.1,"Valerii Marchuk, Cybersecurity Help s.r.o.",,
G0092,TA505,[TA505](https://attack.mitre.org/groups/G0092) is a financially motivated threat group that has been active since at least 2014. The group is known for frequently changing malware and driving global trends in criminal malware distribution.(Citation: Proofpoint TA505 Sep 2017)(Citation: Proofpoint TA505 June 2018)(Citation: Proofpoint TA505 Jan 2019),https://attack.mitre.org/groups/G0092,28-May-19,22-Feb-21,1.2,,Hive0065,(Citation: IBM TA505 April 2020)
G0127,TA551,"[TA551](https://attack.mitre.org/groups/G0127) is a financially-motivated threat group that has been active since at least 2018. (Citation: Secureworks GOLD CABIN) The group has primarily targeted English, German, Italian, and Japanese speakers through email-based malware distribution campaigns. (Citation: Unit 42 TA551 Jan 2021)",https://attack.mitre.org/groups/G0127,19-Mar-21,25-Mar-21,1,"Ryo Tamura, SecureBrain Corporation; Shotaro Hamamoto, NEC Solution Innovators, Ltd; Shuhei Sasada, Cyber Defense Institute, Inc; Takuma Matsumoto, LAC Co., Ltd; Yusuke Niwa, ITOCHU Corporation","GOLD CABIN, Shathak","(Citation: Secureworks GOLD CABIN), (Citation: Unit 42 Valak July 2020)(Citation: Unit 42 TA551 Jan 2021)"
G0088,TEMP.Veles,"[TEMP.Veles](https://attack.mitre.org/groups/G0088) is a Russia-based threat group that has targeted critical infrastructure. The group has been observed utilizing TRITON, a malware framework designed to manipulate industrial safety systems.(Citation: FireEye TRITON 2019)(Citation: FireEye TEMP.Veles 2018)(Citation: FireEye TEMP.Veles JSON April 2019)",https://attack.mitre.org/groups/G0088,16-Apr-19,9-Feb-21,1.2,,XENOTIME,"The activity group XENOTIME, as defined by Dragos, has overlaps with activity reported upon by FireEye about TEMP.Veles as well as the actors behind TRITON.(Citation: Dragos Xenotime 2018)(Citation: Pylos Xenotime 2019)(Citation: FireEye TRITON 2019)(Citation: FireEye TEMP.Veles 2018 )"
G0015,Taidoor,[Taidoor](https://attack.mitre.org/groups/G0015) is a threat group that has operated since at least 2009 and has primarily targeted the Taiwanese government. (Citation: TrendMicro Taidoor),https://attack.mitre.org/groups/G0015,31-May-17,17-Oct-18,1,,,
G0089,The White Company,"[The White Company](https://attack.mitre.org/groups/G0089) is a likely state-sponsored threat actor with advanced capabilities. From 2017 through 2018, the group led an espionage campaign called Operation Shaheen targeting government and military organizations in Pakistan.(Citation: Cylance Shaheen Nov 2018)",https://attack.mitre.org/groups/G0089,2-May-19,30-Mar-20,1.1,,,
G0028,Threat Group-1314,[Threat Group-1314](https://attack.mitre.org/groups/G0028) is an unattributed threat group that has used compromised credentials to log into a victim's remote access infrastructure. (Citation: Dell TG-1314),https://attack.mitre.org/groups/G0028,31-May-17,19-Mar-20,1.1,,TG-1314,(Citation: Dell TG-1314)
G0027,Threat Group-3390,"[Threat Group-3390](https://attack.mitre.org/groups/G0027) is a Chinese threat group that has extensively used strategic Web compromises to target victims. (Citation: Dell TG-3390) The group has been active since at least 2010 and has targeted organizations in the aerospace, government, defense, technology, energy, and manufacturing sectors. (Citation: SecureWorks BRONZE UNION June 2017) (Citation: Securelist LuckyMouse June 2018)",https://attack.mitre.org/groups/G0027,31-May-17,20-Apr-21,1.4,,"APT27, BRONZE UNION, Emissary Panda, Iron Tiger, LuckyMouse, TG-3390","(Citation: Nccgroup Emissary Panda May 2018) (Citation: Securelist LuckyMouse June 2018) (Citation: Hacker News LuckyMouse June 2018), (Citation: SecureWorks BRONZE UNION June 2017) (Citation: Nccgroup Emissary Panda May 2018), (Citation: Gallagher 2015) (Citation: Nccgroup Emissary Panda May 2018) (Citation: Securelist LuckyMouse June 2018) (Citation: Hacker News LuckyMouse June 2018)(Citation: Unit42 Emissary Panda May 2019), (Citation: Hacker News LuckyMouse June 2018), (Citation: Securelist LuckyMouse June 2018) (Citation: Hacker News LuckyMouse June 2018), (Citation: Dell TG-3390) (Citation: Nccgroup Emissary Panda May 2018) (Citation: Hacker News LuckyMouse June 2018)"
G0076,Thrip,"[Thrip](https://attack.mitre.org/groups/G0076) is an espionage group that has targeted satellite communications, telecoms, and defense contractor companies in the U.S. and Southeast Asia. The group uses custom malware as well as ""living off the land"" techniques. (Citation: Symantec Thrip June 2018)",https://attack.mitre.org/groups/G0076,17-Oct-18,30-Mar-20,1.1,,,
G0081,Tropic Trooper,"[Tropic Trooper](https://attack.mitre.org/groups/G0081) is an unaffiliated threat group that has led targeted campaigns against targets in Taiwan, the Philippines, and Hong Kong. [Tropic Trooper](https://attack.mitre.org/groups/G0081) focuses on targeting government, healthcare, transportation, and high-tech industries and has been active since 2011.(Citation: TrendMicro Tropic Trooper Mar 2018)(Citation: Unit 42 Tropic Trooper Nov 2016)(Citation: TrendMicro Tropic Trooper May 2020)",https://attack.mitre.org/groups/G0081,29-Jan-19,26-Apr-21,1.4,Bart Parys; Edward Millington,"KeyBoy, Pirate Panda","(Citation: Unit 42 Tropic Trooper Nov 2016)(Citation: TrendMicro Tropic Trooper Mar 2018), (Citation: Crowdstrike Pirate Panda April 2020)"
G0010,Turla,"[Turla](https://attack.mitre.org/groups/G0010) is a Russian-based threat group that has infected victims in over 45 countries, spanning a range of industries including government, embassies, military, education, research and pharmaceutical companies since 2004. Heightened activity was seen in mid-2015. [Turla](https://attack.mitre.org/groups/G0010) is known for conducting watering hole and spearphishing campaigns and leveraging in-house tools and malware. [Turla](https://attack.mitre.org/groups/G0010)’s espionage platform is mainly used against Windows machines, but has also been seen used against macOS and Linux machines.(Citation: Kaspersky Turla)(Citation: ESET Gazer Aug 2017)(Citation: CrowdStrike VENOMOUS BEAR)(Citation: ESET Turla Mosquito Jan 2018)",https://attack.mitre.org/groups/G0010,31-May-17,26-Apr-21,2,"Edward Millington; Matthieu Faou, ESET","Belugasturgeon, Group 88, Krypton, Snake, VENOMOUS BEAR, Waterbug, WhiteBear","(Citation: Accenture HyperStack October 2020), (Citation: Leonardo Turla Penquin May 2020), (Citation: CrowdStrike VENOMOUS BEAR), (Citation: CrowdStrike VENOMOUS BEAR)(Citation: ESET Turla PowerShell May 2019), (Citation: CrowdStrike VENOMOUS BEAR), Based similarity in TTPs and malware used, Turla and Waterbug appear to be the same group.(Citation: Symantec Waterbug), WhiteBear is a designation used by Securelist to describe a cluster of activity that has overlaps with activity described by others as Turla, but appears to have a separate focus.(Citation: Securelist WhiteBear Aug 2017)"
G0123,Volatile Cedar,"[Volatile Cedar](https://attack.mitre.org/groups/G0123) is a Lebanese threat group that has targeted individuals, companies, and institutions worldwide. [Volatile Cedar](https://attack.mitre.org/groups/G0123) has been operating since 2012 and is motivated by political and ideological interests.(Citation: CheckPoint Volatile Cedar March 2015)(Citation: ClearSky Lebanese Cedar Jan 2021)",https://attack.mitre.org/groups/G0123,8-Feb-21,10-Feb-21,1,,Lebanese Cedar,(Citation: ClearSky Lebanese Cedar Jan 2021)
G0090,WIRTE,[WIRTE](https://attack.mitre.org/groups/G0090) is a threat group that has been active since at least August 2018. The group focuses on targeting Middle East defense and diplomats.(Citation: Lab52 WIRTE Apr 2019),https://attack.mitre.org/groups/G0090,24-May-19,30-Mar-20,1.1,Lab52 by S2 Grupo,,
G0107,Whitefly,"[Whitefly](https://attack.mitre.org/groups/G0107) is a cyber espionage group that has been operating since at least 2017. The group has targeted organizations based mostly in Singapore across a wide variety of sectors, and is primarily interested in stealing large amounts of sensitive information. The group has been linked to an attack against Singapore’s largest public health organization, SingHealth.(Citation: Symantec Whitefly March 2019)",https://attack.mitre.org/groups/G0107,26-May-20,27-May-20,1,,,
G0124,Windigo,"The [Windigo](https://attack.mitre.org/groups/G0124) group has been operating since at least 2011, compromising thousands of Linux and Unix servers using the [Ebury](https://attack.mitre.org/software/S0377) SSH backdoor to create a spam botnet. Despite law enforcement intervention against the creators, [Windigo](https://attack.mitre.org/groups/G0124) operators continued updating [Ebury](https://attack.mitre.org/software/S0377) through 2019.(Citation: ESET Windigo Mar 2014)(Citation: CERN Windigo June 2019)",https://attack.mitre.org/groups/G0124,10-Feb-21,26-Apr-21,1,,,
G0112,Windshift,"[Windshift](https://attack.mitre.org/groups/G0112) is a threat group that has been active since at least 2017, targeting specific individuals for surveillance in government departments and critical infrastructure across the Middle East.(Citation: SANS Windshift August 2018)(Citation: objective-see windtail1 dec 2018)(Citation: objective-see windtail2 jan 2019)",https://attack.mitre.org/groups/G0112,25-Jun-20,26-Apr-21,1.1,,Bahamut,(Citation: SANS Windshift August 2018)
G0044,Winnti Group,"[Winnti Group](https://attack.mitre.org/groups/G0044) is a threat group with Chinese origins that has been active since at least 2010. The group has heavily targeted the gaming industry, but it has also expanded the scope of its targeting. (Citation: Kaspersky Winnti April 2013) (Citation: Kaspersky Winnti June 2015) (Citation: Novetta Winnti April 2015) Some reporting suggests a number of other groups, including [Axiom](https://attack.mitre.org/groups/G0001), [APT17](https://attack.mitre.org/groups/G0025), and [Ke3chang](https://attack.mitre.org/groups/G0004), are closely linked to [Winnti Group](https://attack.mitre.org/groups/G0044). (Citation: 401 TRG Winnti Umbrella May 2018)",https://attack.mitre.org/groups/G0044,31-May-17,24-Aug-20,1.1,Edward Millington,Blackfly,(Citation: Symantec Suckfly March 2016)
G0102,Wizard Spider,"[Wizard Spider](https://attack.mitre.org/groups/G0102) is a financially motivated criminal group that has been conducting ransomware campaigns since at least August 2018 against a variety of organizations, ranging from major corporations to hospitals.(Citation: CrowdStrike Ryuk January 2019)(Citation: DHS/CISA Ransomware Targeting Healthcare October 2020)",https://attack.mitre.org/groups/G0102,12-May-20,29-Dec-20,1.3,Oleksiy Gayda,"Grim Spider, TEMP.MixMaster, UNC1878","(Citation: CrowdStrike Ryuk January 2019)(Citation: CrowdStrike Grim Spider May 2019), (Citation: FireEye Ryuk and Trickbot January 2019), (Citation: FireEye KEGTAP SINGLEMALT October 2020)"
G0128,ZIRCONIUM,"[ZIRCONIUM](https://attack.mitre.org/groups/G0128) is a threat group operating out of China, active since at least 2017, that has targeted individuals associated with the 2020 US presidential election and prominent leaders in the international affairs community.(Citation: Microsoft Targeting Elections September 2020)(Citation: Check Point APT31 February 2021)",https://attack.mitre.org/groups/G0128,24-Mar-21,20-Apr-21,1,,APT31,(Citation: Check Point APT31 February 2021)
G0018,admin@338,"[admin@338](https://attack.mitre.org/groups/G0018) is a China-based cyber threat group. It has previously used newsworthy events as lures to deliver malware and has primarily targeted organizations involved in financial, economic, and trade policy, typically using publicly available RATs such as [PoisonIvy](https://attack.mitre.org/software/S0012), as well as some non-public backdoors. (Citation: FireEye admin@338)",https://attack.mitre.org/groups/G0018,31-May-17,18-Mar-20,1.2,"Tatsuya Daitoku, Cyber Defense Institute, Inc.",,
G0045,menuPass,"[menuPass](https://attack.mitre.org/groups/G0045) is a threat group that has been active since at least 2006. Individual members of [menuPass](https://attack.mitre.org/groups/G0045) are known to have acted in association with the Chinese Ministry of State Security's (MSS) Tianjin State Security Bureau and worked for the Huaying Haitai Science and Technology Development Company.(Citation: DOJ APT10 Dec 2018)(Citation: District Court of NY APT10 Indictment December 2018)

[menuPass](https://attack.mitre.org/groups/G0045) has targeted healthcare, defense, aerospace, finance, maritime, biotechnology, energy, and government sectors globally, with an emphasis on Japanese organizations. In 2016 and 2017, the group is known to have targeted managed IT service providers (MSPs), manufacturing and mining companies, and a university.(Citation: Palo Alto menuPass Feb 2017)(Citation: Crowdstrike CrowdCast Oct 2013)(Citation: FireEye Poison Ivy)(Citation: PWC Cloud Hopper April 2017)(Citation: FireEye APT10 April 2017)(Citation: DOJ APT10 Dec 2018)(Citation: District Court of NY APT10 Indictment December 2018)",https://attack.mitre.org/groups/G0045,31-May-17,9-Apr-21,2,Edward Millington; Michael Cox,"APT10, CVNX, Cicada, HOGFISH, POTASSIUM, Red Apollo, Stone Panda","(Citation: Palo Alto menuPass Feb 2017)(Citation: Accenture Hogfish April 2018)(Citation: FireEye APT10 Sept 2018)(Citation: DOJ APT10 Dec 2018)(Citation: Symantec Cicada November 2020), (Citation: PWC Cloud Hopper April 2017)(Citation: DOJ APT10 Dec 2018)(Citation: District Court of NY APT10 Indictment December 2018), (Citation: Symantec Cicada November 2020), (Citation: Accenture Hogfish April 2018), (Citation: DOJ APT10 Dec 2018)(Citation: District Court of NY APT10 Indictment December 2018), (Citation: PWC Cloud Hopper April 2017)(Citation: DOJ APT10 Dec 2018)(Citation: District Court of NY APT10 Indictment December 2018), (Citation: Palo Alto menuPass Feb 2017)(Citation: Accenture Hogfish April 2018)(Citation: DOJ APT10 Dec 2018)(Citation: District Court of NY APT10 Indictment December 2018)(Citation: Symantec Cicada November 2020)"
